previous_split,uniprot_id,pdb_id,graph_file,reason
train,Q4JQX9,9no1,Q4JQX9_9no1.pt,Absent from Supplementary Table S2
train,Q45Z29,1p7o,Q45Z29_1p7o.pt,Absent from Supplementary Table S2
train,Q03280,,Q03280.pt,Absent from Supplementary Table S2
train,P04517,1lvm,P04517_1lvm.pt,Absent from Supplementary Table S2
train,B2J528,2nyf,B2J528_2nyf.pt,Absent from Supplementary Table S2
train,Q62671,3ntw,Q62671_3ntw.pt,Absent from Supplementary Table S2
train,Q9NPH3,,Q9NPH3.pt,Absent from Supplementary Table S2
train,P17655,2nqa,P17655_2nqa.pt,Absent from Supplementary Table S2
train,P95160,,P95160.pt,Absent from Supplementary Table S2
train,P97924,9hu8,P97924_9hu8.pt,Absent from Supplementary Table S2
train,C7BKP9,,C7BKP9.pt,Absent from Supplementary Table S2
train,A2CG49,,A2CG49.pt,Absent from Supplementary Table S2
train,B4FBC5,6KLG,B4FBC5_6KLG.pt,Absent from Supplementary Table S2
train,O75962,,O75962.pt,Absent from Supplementary Table S2
train,O60229,8c7d,O60229_8c7d.pt,Absent from Supplementary Table S2
train,Q68G84,4c5s,Q68G84_4c5s.pt,Absent from Supplementary Table S2
train,P23634,2kne,P23634_2kne.pt,Absent from Supplementary Table S2
train,P9WKV3,2isz,P9WKV3_2isz.pt,Absent from Supplementary Table S2
train,P10220,,P10220.pt,Absent from Supplementary Table S2
train,A2CG49,7ur2,A2CG49_7ur2.pt,Absent from Supplementary Table S2
train,P07811,,P07811.pt,Absent from Supplementary Table S2
train,C7BKP9,4mix,C7BKP9_4mix.pt,Absent from Supplementary Table S2
train,P38444,1nys,P38444_1nys.pt,Absent from Supplementary Table S2
train,Q15772,,Q15772.pt,Absent from Supplementary Table S2
train,P9WKV3,,P9WKV3.pt,Absent from Supplementary Table S2
train,YFW92511.1,2I5G,YFW92511.1_2I5G.pt,Absent from Supplementary Table S2
train,Q03280,9cmr,Q03280_9cmr.pt,Absent from Supplementary Table S2
train,P23634,,P23634.pt,Absent from Supplementary Table S2
train,P10220,4tt0,P10220_4tt0.pt,Absent from Supplementary Table S2
train,P95160,9mqy,P95160_9mqy.pt,Absent from Supplementary Table S2
train,O75962,1nty,O75962_1nty.pt,Absent from Supplementary Table S2
train,Q62671,,Q62671.pt,Absent from Supplementary Table S2
train,P07811,2fhf,P07811_2fhf.pt,Absent from Supplementary Table S2
train,P04517,,P04517.pt,Absent from Supplementary Table S2
train,P60484,,P60484.pt,Absent from Supplementary Table S2
train,Q45Z29,,Q45Z29.pt,Absent from Supplementary Table S2
train,Q80YE7,8pb1,Q80YE7_8pb1.pt,Absent from Supplementary Table S2
train,Q8JUX6,6W0T,Q8JUX6_6W0T.pt,Absent from Supplementary Table S2
train,Q9NPH3,7fcc,Q9NPH3_7fcc.pt,Absent from Supplementary Table S2
train,Q68G84,,Q68G84.pt,Absent from Supplementary Table S2
train,B2J528,,B2J528.pt,Absent from Supplementary Table S2
train,P89459,6m6h,P89459_6m6h.pt,Absent from Supplementary Table S2
train,Q80YE7,,Q80YE7.pt,Absent from Supplementary Table S2
train,Q15772,1u2h,Q15772_1u2h.pt,Absent from Supplementary Table S2
train,P97924,,P97924.pt,Absent from Supplementary Table S2
train,P18247,6nfw,P18247_6nfw.pt,Absent from Supplementary Table S2
train,P38444,,P38444.pt,Absent from Supplementary Table S2
train,O60229,,O60229.pt,Absent from Supplementary Table S2
train,P60484,8x3s,P60484_8x3s.pt,Absent from Supplementary Table S2
train,Q4JQX9,,Q4JQX9.pt,Absent from Supplementary Table S2
train,P89459,,P89459.pt,Absent from Supplementary Table S2
train,P17655,,P17655.pt,Absent from Supplementary Table S2
val,A0A1P8B0K2,9XVE,A0A1P8B0K2_9XVE.pt,Absent from Supplementary Table S2
val,A0ABM5U395,8UEB,A0ABM5U395_8UEB.pt,Absent from Supplementary Table S2
test,A0ACD7PQG2,2B67,A0ACD7PQG2_2B67.pt,Absent from Supplementary Table S2
test,Q9ZGI4,,Q9ZGI4.pt,Absent from Supplementary Table S2
test,Q9ZGI4,3qp9,Q9ZGI4_3qp9.pt,Absent from Supplementary Table S2
